ID;Match;FieldAdvantage;OutcomeWL;PointsWon;Result;GoalsMade;GoalsTaken;BallPoss;Shots;ShotsOnT;ShotsPrec;PassAtt;PassSucc;PassPrec;RosterQuality;Knowledge;YellowC;RedC;FoulsC;FoulsT;TacklesW;TacklesAtt;TacklesWRatio;AirDuelW;DribW;DribAtt;DribWRatio
PLCa1;15/08/2016 Chelsea-West Ham United;H;W;3;2 a 1;2;1;61,70%;16;7;43,75%;480;556;86,33%;365500000;136,3571429;5;0;16;16;18;21;85,71%;49%;16;33;48,49%
PLCa2;20/08/2016 Watford-Chelsea;A;W;3;1 a 2;2;1;62,40%;13;4;30,77%;488;560;87,14%;378500000;149,7142857;3;0;10;20;17;26;65,39%;57%;11;25;44,00%
PLCa3;27/08/2016 Chelsea - Burnley;H;W;3;3 a 0;3;0;60,10%;22;10;45,46%;545;626;87,06%;365500000;136,3571429;2;0;6;9;9;16;56,25%;50%;11;23;47,83%
PLCa4;11/09/2016 Swansea-Chelsea;A;D;1;2 a 2;2;2;55,10%;28;7;25,00%;416;488;85,25%;387500000;154,5;4;0;9;17;18;23;78,26%;53%;9;22;40,91%
PLCa5;16/09/2016 Chelsea-Liverpool;H;L;0;1 a 2;1;2;52,70%;12;4;33,33%;474;540;87,78%;422500000;127,7857143;1;0;6;13;18;34;52,94%;48%;22;35;62,86%
PLCa6;24/09/2016 Arsenal-Chelsea;A;L;0;3 a 0;0;3;50,20%;9;2;22,22%;445;535;83,18%;383000000;105,2857143;2;0;11;9;24;35;68,57%;61%;9;20;45,00%
PLCa7;1/10/2016 Hull City-Chelsea;A;W;3;0 a 2;2;0;59,10%;22;9;40,91%;460;554;83,03%;378000000;90,21428571;2;0;15;13;19;22;86,36%;60%;18;30;60,00%
PLCa8;15/10/2016 Chelsea-Leicester;H;W;3;3 a 0;3;0;54,90%;16;6;37,50%;458;553;82,82%;317000000;75,78571429;1;0;6;12;19;24;79,17%;58%;17;23;73,91%
PLCa9;23/10/2016 Chelsea-Manchester United;H;W;3;4 a 0;4;0;43,90%;14;6;42,86%;364;447;81,43%;358500000;70,35714286;3;0;7;17;18;25;72,00%;44%;12;21;57,14%
PLCa10;30/10/2016 Southampton-Chelsea;A;W;3;0 a 2;2;0;45,20%;13;7;53,85%;325;409;79,46%;365500000;98,85714286;0;0;16;13;27;35;77,14%;47%;13;21;61,91%
PLCa11;5/11/2016 Chelsea-Everton;H;W;3;5 a 0;5;0;60,10%;21;9;42,86%;616;685;89,93%;360500000;117,6428571;0;0;5;16;26;30;86,67%;31%;17;27;62,96%
PLCa12;20/11/2016 Middlesbrough-Chelsea;A;W;3;0 a 1;1;0;57,60%;13;3;23,08%;527;620;85,00%;357000000;101;3;0;10;13;9;24;37,50%;48%;14;20;70,00%
PLCa13;26/11/2016 Chelsea-Tottenham;H;W;3;2 a 1;2;1;45,90%;9;5;55,56%;296;386;76,68%;385500000;107,5714286;2;0;13;16;23;41;56,10%;36%;7;14;50,00%
PLCa14;3/12/2016 Manchester City-Chelsea;A;W;3;1 a 3;3;1;39,40%;10;4;40,00%;272;366;74,32%;348000000;88,71428571;3;0;9;14;18;27;66,67%;32%;16;20;80,00%
PLCa15;11/12/2016 Chelsea-West Browich Albion;H;W;3;1 a 0;1;0;66,90%;12;2;16,67%;488;577;84,58%;395500000;119,0714286;2;0;6;10;14;19;73,68%;49%;16;20;80,00%
PLCa16;14/12/2016 Sunderland-Chelsea;A;W;3;0 a 1;1;0;66,10%;19;6;31,58%;536;619;86,59%;334000000;109,5;2;0;10;15;16;23;69,57%;47%;14;21;66,67%
PLCa17;17/12/2016 Crystal Palace-Chelsea;A;W;3;0 a 1;1;0;46,50%;13;6;46,15%;322;418;77,03%;387500000;117;3;0;15;12;23;28;82,14%;45%;13;15;86,67%
PLCa18;26/12/2016 Chelsea-Bournemouth;H;W;3;3 a 0;3;0;44,40%;14;4;28,57%;400;474;84,39%;355000000;115,4285714;1;0;13;14;12;21;57,14%;41%;27;32;84,38%
PLCa19;31/12/2016 Chelsea-Stoke City;H;W;3;4 a 2;4;2;59,60%;18;7;38,89%;401;473;84,78%;376000000;117,2857143;3;0;12;10;12;16;75,00%;33%;11;18;61,11%
PLCa20;4/01/2017 Tottenham Hotspur-Chelsea;A;L;0;2 a 0;0;2;54,50%;11;2;18,18%;429;526;81,56%;399500000;101,4285714;2;0;8;9;19;30;63,33%;44%;11;16;68,75%
PLCa21;14/01/2017 Leicester-Chelsea;A;W;3;0 a 3;3;0;64,80%;8;3;37,50%;543;640;84,84%;359500000;98,71428571;0;0;9;8;6;12;50,00%;58%;13;14;92,86%
PLCa22;22/01/2017 Chelsea-Hull City;H;W;3;2 a 0;2;0;52,80%;9;5;55,56%;469;559;83,90%;399500000;101,4285714;1;0;12;10;10;19;52,63%;25%;11;19;57,90%
PLCa23;31/01/2017 Liverpool-Chelsea;A;D;1;1 a 1;1;1;37,60%;8;2;25,00%;267;386;69,17%;399500000;101,4285714;1;0;8;13;23;27;85,19%;56%;10;12;83,33%
PLCa24;4/02/2017 Chelsea-Arsenal;H;W;3;3 a 1;3;1;41,70%;13;6;46,15%;326;410;79,51%;401500000;104,1428571;1;0;14;8;19;34;55,88%;61%;17;21;80,95%
PLCa25;10/02/2017 Burnley-Chelsea;A;D;1;1 a 1;1;1;71,70%;13;2;15,39%;615;729;84,36%;399500000;101,4285714;2;0;11;12;14;18;77,78%;47%;22;25;88,00%
PLCa26;25/02/2017 Chelsea-Swansea;H;W;3;3 a 1;3;1;65,60%;16;5;31,25%;636;734;86,65%;401500000;104,1428571;1;0;11;14;11;18;61,11%;54%;19;25;76,00%
PLCa27;6/03/2017 West Ham United-Chelsea;A;W;3;1 a 2;2;1;48,20%;9;4;44,44%;445;530;83,96%;401500000;104,1428571;1;0;8;8;15;22;68,18%;49%;8;14;57,14%
PLCa28;18/03/2017 Stole City-Chelsea;A;W;3;1 a 2;2;1;63,80%;20;7;35,00%;439;522;84,10%;341500000;95,42857143;2;0;11;16;23;30;76,67%;55%;11;16;68,75%
PLCa29;1/04/2017 Chelsea-Crystal Palace;H;L;0;1 a 2;1;2;72,90%;24;11;45,83%;528;608;86,84%;397000000;91,42857143;3;0;12;14;20;33;60,61%;42%;9;14;64,29%
PLCa30;5/04/2017 Chelsea-Manchester City;H;W;3;2 a 1;2;1;39,30%;10;4;40,00%;307;399;76,94%;399000000;94,14285714;1;0;10;14;17;30;56,67%;58%;8;11;72,73%
PLCa31;8/04/2017 Bournemouth-Chelsea;A;W;3;1 a 3;3;1;48,90%;15;5;33,33%;457;524;87,21%;401500000;104,1428571;3;0;11;7;19;24;79,17%;67%;9;21;42,86%
PLCa32;16/04/2017 Manchester United-Chelsea;A;L;0;2 a 0;0;2;53,80%;5;0;0,00%;379;479;79,12%;375500000;114,7857143;3;0;20;16;23;31;74,19%;39%;8;11;72,73%
PLCa33;25/04/2017 Chelsea-Southampton;H;W;3;4 a 2;4;2;47,80%;17;7;41,18%;388;477;81,34%;387500000;136;2;0;13;9;15;21;71,43%;70%;9;10;90,00%
PLCa34;30/04/2017 Everton-Chelsea;A;W;3;0 a 3;3;0;50,50%;11;5;45,46%;340;426;79,81%;389000000;103,5;4;0;11;13;12;20;60,00%;50%;16;24;66,67%
PLCa35;8/05/2017 Chelsea-Middlesbrough;H;W;3;3 a 0;3;0;57,10%;21;7;33,33%;531;619;85,78%;371000000;133,6428571;0;0;8;21;14;20;70,00%;37%;14;20;70,00%
PLCa36;12/05/2017 West Bromwich Albion- Chelsea;A;W;3;0 a 1;1;0;67,60%;24;5;20,83%;500;571;87,57%;396500000;101,5;0;0;8;13;7;13;53,85%;48%;8;15;53,33%
PLCa37;15/05/2017 Chelsea-Watford;H;W;3;4 a 3;4;3;47,10%;24;9;37,50%;381;456;83,55%;261000000;103,4285714;2;0;7;12;32;41;78,05%;67%;16;19;84,21%
PLCa38;21/05/2017 Chelsea-Sunderland;H;W;3;5 a 1;5;1;70,50%;28;8;28,57%;587;643;91,29%;364500000;129,8571429;1;0;8;15;16;25;64,00%;67%;12;14;85,71%
PLCo1;13/08/2016 Everton-Tottenham;H;D;1;1 a 1;1;1;42,50%;12;6;50,00%;262;361;72,58%;123500000;168,1428571;0;0;10;14;25;38;65,79%;62%;9;15;60,00%
PLCo2;20/08/2016 West Bromwich Albion-Everton;A;W;3;1 a 2;2;1;66,40%;13;7;53,85%;486;580;83,79%;164500000;160,6428571;1;0;10;16;16;30;53,33%;48%;16;24;66,67%
PLCo3;27/08/2016 Everton-Stoke City;H;W;3;1 a 0;1;0;54,90%;21;9;42,86%;400;482;82,99%;149000000;147,8571429;2;0;14;11;21;34;61,77%;45%;19;29;65,52%
PLCo4;12/09/2016 Sunderland-Everton;A;W;3;0 a 3;3;0;66,70%;20;9;45,00%;507;569;89,10%;164000000;162,3571429;1;0;8;11;29;42;69,05%;29%;7;14;50,00%
PLCo5;17/09/2016 Everton-Middlesbrough;H;W;3;3 a 1;3;1;52,20%;11;6;54,55%;457;544;84,01%;173500000;169,8571429;2;0;5;15;20;28;71,43%;42%;20;29;68,97%
PLCo6;24/09/2016 Bournemouth-Everton;A;L;0;1 a 0;0;1;47,20%;13;2;15,39%;279;367;76,02%;159500000;147,7857143;2;0;14;10;26;36;72,22%;54%;6;13;46,15%
PLCo7;30/09/2016 Everton-Crystal Palace;H;D;1;1 a 1;1;1;56,60%;13;3;23,08%;299;398;75,13%;149500000;142,5;5;0;16;11;18;33;54,55%;52%;16;18;88,89%
PLCo8;15/10/2016 Manchester City-Everton;A;D;1;1 a 1;1;1;27,40%;3;2;66,67%;160;255;62,75%;153500000;152,7142857;2;0;9;7;25;39;64,10%;60%;6;13;46,15%
PLCo9;22/10/2016 Burnley-Everton;A;L;0;2 a 1;1;2;65,10%;21;8;38,10%;452;557;81,15%;159500000;147,7857143;3;0;15;16;6;7;85,71%;61%;14;19;73,68%
PLCo10;30/10/2016 Everton-West Ham United;H;W;3;2 a 0;2;0;49,30%;17;6;35,29%;333;410;81,22%;157500000;164,7142857;2;0;15;12;15;25;60,00%;64%;13;14;92,86%
PLCo11;5/11/2016 Chelsea-Everton;A;L;0;5 a 0;0;5;39,90%;1;0;0,00%;380;463;82,07%;154500000;162,7142857;3;0;16;5;23;40;57,50%;69%;4;13;30,77%
PLCo12;19/11/2016 Everton-Swansea;H;D;1;1 a 1;1;1;62,70%;14;6;42,86%;386;500;77,20%;185000000;155,2142857;5;0;13;12;17;20;85,00%;72%;9;14;64,29%
PLCo13;27/11/2016 Southampton-Everton;A;L;0;1 a 0;0;1;47,10%;13;1;7,69%;323;415;77,83%;170500000;183;2;0;15;11;23;36;63,89%;55%;10;18;55,56%
PLCo14;4/12/2016 Everton-Manchester United;H;D;1;1 a 1;1;1;45,50%;13;6;46,15%;258;380;67,90%;158000000;142,2142857;2;0;13;11;18;30;60,00%;46%;11;20;55,00%
PLCo15;10/12/2016 Watford-Everton;A;L;0;3 a 2;2;3;52,70%;11;4;36,36%;287;400;71,75%;181000000;171,8571429;2;0;16;11;22;36;61,11%;49%;9;13;69,23%
PLCo16;13/12/2016 Everton-Arsenal;H;W;3;2 a 1;2;1;41,50%;14;4;28,57%;250;358;69,83%;174100000;147,2142857;1;1;10;10;23;31;74,19%;52%;11;15;73,33%
PLCo17;19/12/2016 Everton-Liverpool;H;L;0;0 a 1;0;1;32,30%;6;1;16,67%;180;285;63,16%;162100000;162,5;3;0;13;9;16;22;72,73%;62%;8;17;47,06%
PLCo18;26/12/2016 Leicester-Everton;A;W;3;0 a 2;2;0;58,00%;8;3;37,50%;407;549;74,14%;164000000;159,0714286;0;0;7;14;14;24;58,33%;60%;9;17;52,94%
PLCo19;30/12/2016 Hull City-Everton;A;D;1;2 a 2;2;2;56,60%;20;7;35,00%;425;525;80,95%;163600000;152,2142857;2;0;13;10;23;33;69,70%;45%;13;24;54,17%
PLCo20;2/01/2017 Everton-Southampton;H;W;3;3 a 0;3;0;54,00%;17;6;35,29%;367;487;75,36%;165100000;153,2857143;0;0;5;14;23;31;74,19%;59%;11;19;57,90%
PLCo21;15/01/2017 Everton-Manchester City;H;W;3;4 a 0;4;0;29,20%;6;4;66,67%;183;270;67,78%;187500000;148,1428571;2;0;17;7;21;32;65,63%;32%;16;18;88,89%
PLCo22;21/01/2017 Crystal Palace-Everton;A;W;3;0 a 1;1;0;56,00%;17;8;47,06%;379;476;79,62%;175000000;154,9285714;1;0;15;10;14;22;63,64%;26%;17;22;77,27%
PLCo23;01/02/2017 Stoke City-Everton;A;D;1;1 a 1;1;1;52,90%;15;5;33,33%;383;485;78,97%;185000000;105,6428571;0;0;12;21;8;20;40,00%;38%;9;12;75,00%
PLCo24;04/02/2017 Everton-Bournemouth;H;W;3;6 a 3;6;3;45,70%;15;10;66,67%;391;477;81,97%;187500000;148,1428571;3;0;14;4;22;30;73,33%;52%;20;27;74,07%
PLCo25;11/02/2017 Middlesbrough-Everton;A;D;1;0 a 0;0;0;54,10%;7;3;42,86%;455;562;80,96%;182500000;154,2142857;0;0;9;14;24;39;61,54%;48%;7;16;43,75%
PLCo26;25/02/2017 Everton-Sunderland;H;W;3;2 a 0;2;0;63,60%;20;8;40,00%;427;512;83,40%;204000000;111,7857143;0;0;10;16;16;25;64,00%;39%;13;22;59,09%
PLCo27;05/03/2017 Tottenham-Everton;A;L;0;3 a 2;2;3;48,50%;8;4;50,00%;328;440;74,55%;206000000;154,2857143;2;0;14;9;22;33;66,67%;34%;5;9;55,56%
PLCo28;11/03/2017 Everton-West Bromwich Albion;H;W;3;3 a 0;3;0;62,80%;16;5;31,25%;489;605;80,83%;182600000;157,4285714;1;0;8;12;11;20;55,00%;43%;7;15;46,67%
PLCo29;18/03/2017 Everton-Hull City;H;W;3;4 a 0;4;0;51,50%;14;8;57,14%;377;469;80,38%;180600000;153,1428571;2;0;9;7;19;20;95,00%;36%;9;12;75,00%
PLCo30;01/04/2017 Liverpool-Everton;A;L;0;3 a 1;1;3;48,60%;9;4;44,44%;312;429;72,73%;138100000;137,6428571;3;0;10;17;25;42;59,52%;50%;15;17;88,24%
PLCo31;04/04/2017 Manchester United-Everton;A;D;1;1 a 1;1;1;38,40%;11;4;36,36%;283;370;76,49%;126850000;133,7857143;4;1;18;10;19;31;61,29%;55%;5;12;41,67%
PLCo32;09/04/2017 Everton-Leicester;H;W;3;4 a 2;4;2;60,10%;12;7;58,33%;479;594;80,64%;150500000;129,9285714;2;0;8;15;18;31;58,07%;51%;13;21;61,91%
PLCo33;15/04/2017 Everton-Burnley;H;W;3;3 a 1;3;1;63,20%;29;7;24,14%;446;529;84,31%;168000000;146,2142857;2;0;15;14;18;24;75,00%;40%;6;13;46,15%
PLCo34;22/04/2017 West Ham United-Everton;A;D;1;0 a 0;0;0;59,40%;4;0;0,00%;430;524;82,06%;155100000;142,9285714;3;0;15;9;20;33;60,61%;42%;8;15;53,33%
PLCo35;30/04/2017 Everton-Chelsea;H;L;0;0 a 3;0;3;49,50%;12;3;25,00%;332;423;78,49%;135600000;100,6428571;3;0;13;11;21;37;56,76%;50%;8;12;66,67%
PLCo36;6/05/2017 Swansea-Everton;A;L;0;1 a 0;0;1;62,40%;9;2;22,22%;490;568;86,27%;135850000;137,7857143;0;0;13;5;11;16;68,75%;49%;10;15;66,67%
PLCo37;12/05/2017 Everton-Watford;H;W;3;1 a 0;1;0;62,10%;15;6;40,00%;449;538;83,46%;170000000;151,6428571;0;0;7;11;12;22;54,55%;55%;8;14;57,14%
PLCo38;21/05/2017 Arsenal-Everton;A;L;0;3 a 1;1;3;50,50%;22;7;31,82%;366;428;85,51%;170000000;151,6428571;4;0;15;10;10;18;55,56%;47%;5;10;50,00%
PDCa1;21/08/2016 Real Sociedad-Real Madrid;A;W;3;0 a 3;3;0;55,40%;18;8;44,44%;441;535;82,43%;455000000;106,5;3;0;11;22;27;34;79,41%;52%;15;27;55,56%
PDCa2;27/08/2016 Real Madrid-Celta Vigo;H;W;3;2 a 1;2;1;53,50%;24;10;41,67%;403;462;87,23%;450000000;100,7857143;0;0;8;11;25;39;64,10%;71%;14;23;60,87%
PDCa3;10/09/2016 Real Madrid-Osasuna;H;W;3;5 a 2;5;2;61,40%;25;11;44,00%;437;496;88,11%;493000000;118,0714286;2;0;14;14;17;22;77,27%;64%;12;18;66,67%
PDCa4;18/09/2016 Espanyol-Real Madrid;A;W;3;0 a 2;2;0;59,80%;13;7;53,85%;531;593;89,55%;441000000;131,4285714;2;0;8;19;17;25;68,00%;53%;8;18;44,44%
PDCa5;21/09/2016 Real Madrid-Villareal;H;D;1;1 a 1;1;1;59,00%;23;6;26,09%;519;583;89,02%;579000000;123,2857143;4;0;9;9;20;24;83,33%;81%;5;11;45,46%
PDCa6;24/09/2016 Las Palmas-Real Madrid;A;D;1;2 a 2;2;2;45,40%;27;11;40,74%;369;435;84,83%;544000000;123,7142857;2;0;19;7;17;20;85,00%;50%;7;12;58,33%
PDCa7;02/10/2016 Real Madrid-Eibar;H;D;1;1 a 1;1;1;65,00%;15;3;20,00%;459;529;86,77%;500000000;101,4285714;4;0;8;15;27;37;72,97%;61%;12;26;46,15%
PDCa8;15/10/2016 Betis Sevilla-Real Madrid;A;W;3;1 a 6;6;1;51,50%;22;9;40,91%;473;535;88,41%;517000000;118,7857143;1;0;8;14;16;28;57,14%;60%;13;17;76,47%
PDCa9;23/10/2016 Real Madrid-Athletic Bilbao;H;W;3;2 a 1;2;1;65,60%;24;8;33,33%;521;587;88,76%;509000000;116,3571429;2;0;10;17;19;27;70,37%;60%;13;27;48,15%
PDCa10;29/10/2016 Alaves-Real Madrid;A;W;3;1 a 4;4;1;58,70%;15;5;33,33%;464;542;85,61%;507000000;115,9285714;1;0;6;15;24;33;72,73%;50%;9;16;56,25%
PDCa11;06/11/2016 Real Madrid-Leganes;H;W;3;3 a 0;3;0;64,80%;17;7;41,18%;563;642;87,70%;568000000;101,5;3;0;7;20;32;42;76,19%;73%;13;24;54,17%
PDCa12;19/11/2016 Atletico Madrid-Real Madrid;A;W;3;0 a 3;3;0;52,70%;12;7;58,33%;420;495;84,85%;556000000;111,7857143;2;0;14;21;18;33;54,55%;68%;12;21;57,14%
PDCa13;26/11/2016 Real Madrid-Sporting Gijon;H;W;3;2 a 1;2;1;53,50%;19;7;36,84%;426;497;85,71%;485000000;137,5714286;1;0;9;18;18;27;66,67%;71%;13;20;65,00%
PDCa14;03/12/2016 Barcelona-Real Madrid;A;D;1;1 a 1;1;1;45,00%;14;5;35,71%;354;422;83,89%;462000000;127,7142857;2;0;16;19;26;38;68,42%;67%;12;20;60,00%
PDCa15;10/12/2016 Real Madrid-Deportivo La Coruna;H;W;3;3 a 2;3;2;64,20%;17;5;29,41%;558;630;88,57%;346000000;105,4285714;3;0;16;17;23;30;76,67%;44%;9;14;64,29%
PDCa16;07/01/2017 Real Madrid-Granada;H;W;3;5 a 0;5;0;61,40%;23;13;56,52%;570;627;90,91%;522000000;111,4285714;1;0;11;11;25;35;71,43%;44%;7;12;58,33%
PDCa17;15/01/2017 Sevilla-Real Madrid;A;L;0;2 a 1;1;2;42,30%;10;3;30,00%;345;425;81,18%;454000000;117,6428571;1;0;10;13;14;30;46,67%;52%;13;19;68,42%
PDCa18;21/01/2017 Real Madrid-Malaga;H;W;3;2 a 1;2;1;57,70%;14;7;50,00%;452;523;86,42%;509000000;130,6428571;2;0;7;20;22;27;81,48%;68%;7;21;33,33%
PDCa19;29/01/2017 Real Madrid-Real Sociedad;H;W;3;3 a 0;3;0;43,10%;7;4;57,14%;320;409;78,24%;455000000;107,8571429;2;0;15;12;38;46;82,61%;64%;10;14;71,43%
PDCa20;11/02/2017 Osasuna-Real Madrid;A;W;3;1 a 3;3;1;65,80%;12;6;50,00%;517;611;84,62%;517000000;128,7857143;2;0;8;10;28;43;65,12%;58%;8;20;40,00%
PDCa21;18/02/2017 Real Madrid-Espanyol;H;W;3;2 a 0;2;0;68,10%;13;3;23,08%;575;652;88,19%;458000000;109,3571429;3;0;12;13;19;24;79,17%;46%;10;24;41,67%
PDCa22;22/02/2017 Valencia-Real Madrid;A;L;0;2 a 1;1;2;71,50%;22;5;22,73%;539;602;89,54%;594000000;129,7142857;2;0;18;13;15;22;68,18%;41%;12;22;54,55%
PDCa23;26/02/2017 Villareal-Real Madrid;A;W;3;2 a 3;3;2;49,60%;25;6;24,00%;431;497;86,72%;565000000;145,7142857;2;0;6;15;12;20;60,00%;70%;9;14;64,29%
PDCa24;01/03/2017 Real Madrid-Las Palmas;H;D;1;3 a 3;3;3;43,20%;20;7;35,00%;357;408;87,50%;588000000;129;5;1;15;19;13;27;48,15%;78%;13;18;72,22%
PDCa25;04/03/2017 Eibar-Real Madrid;A;W;3;1 a 4;4;1;50,60%;12;7;58,33%;330;440;75,00%;366000000;104,5714286;1;0;14;13;18;24;75,00%;60%;7;19;36,84%
PDCa26;12/03/2017 Real Madrid-Betis Sevilla;H;W;3;2 a 1;2;1;69,90%;14;4;28,57%;547;643;85,07%;546000000;132,0714286;1;0;8;21;24;34;70,59%;55%;13;16;81,25%
PDCa27;18/03/2017 Athletic Bilbao-Real Madrid;A;W;3;1 a 2;2;1;52,40%;12;5;41,67%;365;454;80,40%;564000000;134,0714286;4;0;13;17;27;39;69,23%;57%;12;23;52,17%
PDCa28;02/04/2017 Real Madrid-Alaves;H;W;3;3 a 0;3;0;62,70%;18;6;33,33%;475;554;85,74%;510000000;110,7142857;0;0;12;16;17;28;60,71%;42%;26;32;81,25%
PDCa29;05/04/2017 Leganes-Real Madrid;A;W;3;2 a 4;4;2;61,70%;18;8;44,44%;539;625;86,24%;360000000;95,14285714;1;0;16;14;11;21;52,38%;65%;17;24;70,83%
PDCa30;08/04/2017 Real Madrid-Atletico Madrid;H;D;1;1 a 1;1;1;61,20%;20;6;30,00%;509;596;85,40%;540000000;146,8571429;2;0;12;13;26;37;70,27%;41%;11;23;47,83%
PDCa31;15/04/2017 Sporting Gijon-Real Madrid;A;W;3;2 a 3;3;2;68,80%;18;6;33,33%;541;605;89,42%;308000000;92,85714286;1;0;11;17;20;24;83,33%;75%;19;27;70,37%
PDCa32;23/04/2017 Real Madrid-Barcelona;H;L;0;2 a 3;2;3;42,50%;22;14;63,64%;330;390;84,62%;582000000;123,2857143;3;1;13;8;17;34;50,00%;36%;8;16;50,00%
PDCa33;26/04/2017 Deportivo la Coruna-Real Madrid;A;W;3;2 a 6;6;2;53,30%;22;11;50,00%;459;530;86,60%;288300000;68,57142857;1;0;5;12;22;33;66,67%;65%;25;32;78,13%
PDCa34;29/04/2017 Real Madrid-Valencia;H;W;3;2 a 1;2;1;59,70%;20;5;25,00%;517;571;90,54%;522000000;122,5;3;0;13;10;18;28;64,29%;64%;6;18;33,33%
PDCa35;06/05/2017 Granada-Real Madrid;A;W;3;0 a 4;4;0;52,00%;16;8;50,00%;538;581;92,60%;338000000;89,5;0;0;8;14;14;24;58,33%;64%;13;19;68,42%
PDCa36;14/05/2017 Real Madrid-Sevilla;H;W;3;4 a 1;4;1;49,20%;14;7;50,00%;434;481;90,23%;475000000;92,5;3;0;14;19;20;26;76,92%;46%;13;21;61,91%
PDCa37;17/05/2017 Celta Vigo-Real Madrid;A;W;3;1 a 4;4;1;47,60%;13;8;61,54%;415;491;84,52%;500000000;128,3571429;2;0;9;17;17;28;60,71%;50%;12;16;75,00%
PDCa38;21/05/2017 Malaga-Real Madrid;A;W;3;0 a 2;2;0;47,50%;16;8;50,00%;401;468;85,68%;582000000;128,3571429;0;0;9;6;16;28;57,14%;48%;13;20;65,00%
PDCo1;19/08/2016 Celta Vigo-Leganes;H;L;0;0 a 1;0;1;64,40%;10;2;20,00%;485;593;81,79%;57400000;58,42857143;4;0;5;13;27;33;81,82%;39%;10;17;58,82%
PDCo2;27/08/2016 Real Madrid-Celta Vigo;A;L;0;2 a 1;1;2;46,50%;8;3;37,50%;324;408;79,41%;58500000;67,07142857;2;0;11;8;17;31;54,84%;29%;14;22;63,64%
PDCo3;10/09/2016 Celta Vigo-Atletico Madrid;H;L;0;0 a 4;0;4;57,70%;9;1;11,11%;381;483;78,88%;55900000;66,21428571;1;0;13;12;21;32;65,63%;54%;7;14;50,00%
PDCo4;18/09/2016 Osasuna-Celta Vigo;A;D;1;0 a 0;0;0;60,90%;13;5;38,46%;371;466;79,61%;61900000;66;1;0;14;18;29;34;85,29%;73%;7;14;50,00%
PDCo5;21/09/2016 Celta Vigo-Sporting Gijon;H;W;3;2 a 1;2;1;68,20%;15;5;33,33%;441;571;77,23%;62000000;67,71428571;2;0;16;8;13;16;81,25%;45%;16;28;57,14%
PDCo6;25/09/2016 Espanyol-Celta Vigo;A;W;3;0 a 2;2;0;57,30%;12;4;33,33%;383;475;80,63%;62000000;67,71428571;3;0;13;15;23;30;76,67%;50%;15;22;68,18%
PDCo7;02/10/2016 Celta Vigo-Barcelona;H;W;3;4 a 3;4;3;34,60%;14;9;64,29%;186;277;67,15%;56500000;55,5;1;0;16;11;27;42;64,29%;44%;5;13;38,46%
PDCo8;16/10/2016 Villareal-Celta Vigo;A;L;0;5 a 0;0;5;55,30%;4;1;25,00%;477;568;83,98%;56400000;73,92857143;4;1;12;19;14;18;77,78%;50%;4;10;40,00%
PDCo9;23/10/2016 Celta Vigo-Deportivo La Coruna;H;W;3;4 a 1;4;1;55,20%;9;7;77,78%;280;375;74,67%;63000000;76,07142857;3;0;17;15;17;26;65,39%;56%;9;18;50,00%
PDCo10;30/10/2016 Las Palmas-Celta Vigo;A;D;1;3 a 3;3;3;24,30%;9;6;66,67%;128;200;64,00%;58500000;68,92857143;6;1;22;13;27;38;71,05%;50%;12;15;80,00%
PDCo11;06/11/2016 Celta Vigo-Valencia;H;W;3;2 a 1;2;1;53,80%;7;4;57,14%;369;484;76,24%;49500000;42,35714286;6;0;19;15;23;31;74,19%;63%;3;6;50,00%
PDCo12;19/11/2016 Eibar-Celta Vigo;A;L;0;1 a 0;0;1;58,90%;6;2;33,33%;391;504;77,58%;52900000;50,71428571;5;2;13;11;32;37;86,49%;47%;10;16;62,50%
PDCo13;27/11/2016 Celta Vigo-Granada;H;W;3;3 a 1;3;1;70,00%;16;6;37,50%;693;792;87,50%;52900000;57,14285714;0;0;4;15;22;32;68,75%;35%;7;18;38,89%
PDCo14;04/12/2016 Betis Sevilla-Celta Vigo;A;D;1;3 a 3;3;3;60,10%;13;6;46,15%;427;521;81,96%;58000000;70,21428571;1;0;14;22;21;29;72,41%;35%;3;9;33,33%
PDCo15;11/12/2016 Celta Vigo-Sevilla;H;L;0;0 a 3;0;3;46,80%;14;6;42,86%;298;381;78,22%;51500000;54,78571429;3;0;13;13;27;45;60,00%;50%;12;15;80,00%
PDCo16;19/12/2016 Athletic Bilbao-Celta Vigo;A;L;0;2 a 1;1;2;47,60%;10;4;40,00%;240;356;67,42%;57000000;54,78571429;2;1;13;16;24;29;82,76%;46%;5;11;45,46%
PDCo17;08/01/2017 Celta Vigo-Malaga;H;W;3;3 a 1;3;1;50,50%;6;3;50,00%;342;438;78,08%;53000000;55,92857143;1;0;17;15;19;26;73,08%;47%;13;22;59,09%
PDCo18;15/01/2017 Celta Vigo-Alaves;H;W;3;1 a 0;1;0;60,60%;13;4;30,77%;373;478;78,03%;61000000;67,92857143;3;0;19;10;16;26;61,54%;34%;13;18;72,22%
PDCo19;22/01/2017 Real Sociedad-Celta Vigo;A;L;0;1 a 0;0;1;40,60%;11;5;45,46%;262;371;70,62%;36900000;39,78571429;2;0;12;13;13;18;72,22%;60%;8;16;50,00%
PDCo20;28/01/2017 Leganes-Celta Vigo;A;W;3;0 a 2;2;0;47,60%;3;3;100,00%;227;380;59,74%;51600000;60,85714286;1;0;14;20;24;29;82,76%;52%;13;21;61,91%
PDCo21;12/02/2017 Atletico Madrid-Celta Vigo;A;L;0;3 a 2;2;3;54,00%;14;6;42,86%;362;487;74,33%;61500000;59,07142857;2;0;1;11;29;33;87,88%;38%;10;17;58,82%
PDCo22;19/02/2017 Celta Vigo-Osasuna;H;W;3;3 a 0;3;0;59,60%;11;4;36,36%;409;533;76,74%;53600000;52,71428571;1;0;14;18;23;37;62,16%;36%;12;21;57,14%
PDCo23;26/02/2017 Sporting Gijon-Celta Vigo;A;D;1;1 a 1;1;1;63,50%;16;6;37,50%;431;517;83,37%;50900000;49;4;0;17;9;27;47;57,45%;48%;9;16;56,25%
PDCo24;01/03/2017 Celta Vigo-Espanyol;H;D;1;2 a 2;2;2;51,00%;8;4;50,00%;433;525;82,48%;55500000;57,28571429;2;1;16;8;15;23;65,22%;38%;5;16;31,25%
PDCo25;04/03/2017 Barcelona-Celta Vigo;A;L;0;5 a 0;0;5;36,00%;7;2;28,57%;265;354;74,86%;61000000;58,42857143;3;0;16;10;26;48;54,17%;52%;5;10;50,00%
PDCo26;12/03/2017 Celta Vigo-Villareal;H;L;0;0 a 1;0;1;60,40%;12;1;8,33%;541;620;87,26%;59600000;52,42857143;4;0;8;11;19;21;90,48%;53%;5;12;41,67%
PDCo27;19/03/2017 Deportivo La Coruna-Celta Vigo;A;W;3;0 a 1;1;0;52,50%;9;2;22,22%;335;443;75,62%;64000000;58,78571429;4;0;12;21;10;15;66,67%;51%;5;12;41,67%
PDCo28;03/04/2017 Celta Vigo-Las Palmas;H;W;3;3 a 1;3;1;39,50%;13;7;53,85%;274;364;75,28%;62000000;64,07142857;3;0;15;10;18;36;50,00%;45%;7;14;50,00%
PDCo29;06/04/2017 Valencia-Celta Vigo;A;L;0;3 a 2;2;3;53,20%;12;3;25,00%;371;484;76,65%;63600000;67,21428571;1;0;9;16;16;27;59,26%;59%;9;13;69,23%
PDCo30;09/04/2017 Celta Vigo-Eibar;H;L;0;0 a 2;0;2;61,70%;12;3;25,00%;443;552;80,25%;52400000;50,71428571;1;0;10;16;24;29;82,76%;48%;4;10;40,00%
PDCo31;16/04/2017 Granada-Celta Vigo;A;W;3;0 a 3;3;0;62,30%;16;4;25,00%;446;534;83,52%;34200000;23,28571429;2;0;9;17;13;27;48,15%;32%;6;12;50,00%
PDCo32;23/04/2017 Celta Vigo-Betis Sevilla;H;L;0;0 a 1;0;1;46,10%;8;4;50,00%;323;402;80,35%;49200000;38,71428571;3;0;16;15;15;29;51,72%;48%;9;18;50,00%
PDCo33;27/04/2017 Sevilla-Celta Vigo;A;L;0;2 a 1;1;2;37,90%;10;1;10,00%;228;312;73,08%;62500000;61,85714286;2;1;18;20;15;25;60,00%;55%;4;16;25,00%
PDCo34;30/04/2017 Celta Vigo-Athletic Bilbao;H;L;0;0 a 3;0;3;48,40%;5;0;0,00%;365;464;78,66%;45200000;29,78571429;1;0;8;11;25;43;58,14%;34%;7;16;43,75%
PDCo35;07/05/2017 Malaga-Celta Vigo;A;L;0;3 a 0;0;3;57,30%;5;2;40,00%;445;539;82,56%;37700000;33,64285714;4;0;18;13;25;35;71,43%;38%;10;22;45,46%
PDCo36;14/05/2017 Alaves-Celta Vigo;A;L;0;3 a 1;1;3;65,10%;15;4;26,67%;458;547;83,73%;54300000;43,5;3;0;13;11;25;41;60,98%;48%;11;17;64,71%
PDCo37;17/05/2017 Celta Vigo Real Madrid;H;L;0;1 a 4;1;4;52,40%;17;6;35,29%;481;538;89,41%;61000000;53,85714286;5;1;17;9;16;28;57,14%;50%;11;18;61,11%
PDCo38;21/05/2017 Celta Vigo-Real Sociedad;H;D;1;2 a 2;2;2;55,90%;13;5;38,46%;392;484;80,99%;54100000;51,78571429;2;0;8;17;14;21;66,67%;50%;5;10;50,00%
BTCa1;26/08/2016 Bayern Munich-Werder Bremen;H;W;3;6 a 0;6;0;70,50%;27;14;51,85%;692;781;88,60%;435000000;155,6428571;0;0;7;8;17;21;80,95%;59%;6;16;37,50%
BTCa2;09/09/2016 Schalke 04-Bayern Munich;A;W;3;0 a 2;2;0;68,70%;18;2;11,11%;567;667;85,01%;464000000;145,9285714;4;0;12;13;11;22;50,00%;68%;12;22;54,55%
BTCa3;17/09/2016 Bayern Munich-Ingolstadt;H;W;3;3 a 1;3;1;69,30%;10;5;50,00%;540;632;85,44%;373000000;105,2142857;1;0;18;17;13;22;59,09%;45%;15;28;53,57%
BTCa4;21/09/2016 Bayern Munich-Herta Berlin;H;W;3;3 a 0;3;0;75,70%;16;7;43,75%;788;880;89,55%;473000000;169,0714286;1;0;9;9;12;15;80,00%;71%;6;15;40,00%
BTCa5;24/09/2016 Hamburg-Bayern Munich;A;W;3;0 a 1;1;0;69,40%;17;8;47,06%;521;613;84,99%;481000000;156,8571429;3;0;12;17;19;27;70,37%;63%;9;19;47,37%
BTCa6;01/10/2016 Bayern Munich- FC Cologne;H;D;1;1 a 1;1;1;68,30%;26;3;11,54%;614;694;88,47%;441000000;123,5;1;0;4;12;10;15;66,67%;48%;19;30;63,33%
BTCa7;15/10/2016 Eintracht Frankfurt-Bayern Munich;A;D;1;2 a 2;2;2;62,40%;14;5;35,71%;449;556;80,76%;442000000;149,3571429;4;0;11;18;19;24;79,17%;47%;8;20;40,00%
BTCa8;22/10/2016 Bayern Munich- Borussia Monchengladbach;H;W;3;2 a 0;2;0;63,40%;17;5;29,41%;742;821;90,38%;466000000;124;0;0;4;11;12;14;85,71%;50%;11;19;57,90%
BTCa9;29/10/2016 Augsburg-Bayern Munich;A;W;3;1 a 3;3;1;75,00%;16;8;50,00%;790;884;89,37%;422000000;148,4285714;0;0;6;14;16;20;80,00%;63%;13;25;52,00%
BTCa10;05/11/2016 Bayern Munich-Hoffenheim;H;D;1;1 a 1;1;1;66,20%;21;5;23,81%;566;660;85,76%;483000000;137,8571429;0;0;7;25;16;27;59,26%;63%;13;19;68,42%
BTCa11;19/11/2016 Borussia Dortmund-Bayern Munich;A;L;0;1 a 0;0;1;66,50%;18;3;16,67%;592;695;85,18%;450000000;154,2142857;2;0;14;14;20;22;90,91%;61%;11;20;55,00%
BTCa12;26/11/2016 Bayern Munich-Bayer Leverkusen;H;W;3;2 a 1;2;1;56,40%;13;8;61,54%;489;593;82,46%;464000000;156,0714286;0;0;8;11;21;29;72,41%;48%;9;17;52,94%
BTCa13;02/12/2016 Mainz-Bayern Munich;A;W;3;1 a 3;3;1;72,70%;15;6;40,00%;638;731;87,28%;479000000;152,3571429;2;0;13;12;22;29;75,86%;69%;11;14;78,57%
BTCa14;10/12/2016 Bayern Munich-Wolfsburg;H;W;3;5 a 0;5;0;68,30%;19;10;52,63%;637;717;88,84%;439000000;149,9285714;1;0;13;4;10;11;90,91%;42%;8;13;61,54%
BTCa15;18/12/2016 Darmstadt-Bayern Munich;A;W;3;0 a 1;1;0;79,30%;13;2;15,39%;742;828;89,61%;456000000;128,5714286;2;0;11;18;7;10;70,00%;57%;11;26;42,31%
BTCa16;21/12/2016 Bayern Munich-RB Liepzig;H;W;3;3 a 0;3;0;75,60%;24;11;45,83%;697;785;88,79%;407000000;143,1428571;1;0;13;13;12;18;66,67%;53%;15;25;60,00%
BTCa17;20/01/2017 Freiburg-Bayern Munich;A;W;3;1 a 2;2;1;74,90%;13;5;38,46%;763;882;86,51%;457000000;155,8571429;2;0;7;8;25;32;78,13%;62%;10;21;47,62%
BTCa18;28/01/2017 Werder Bremen-Bayern Munich;A;W;3;1 a 2;2;1;63,10%;13;4;30,77%;503;602;83,56%;439000000;143,6428571;1;0;16;17;17;28;60,71%;63%;9;20;45,00%
BTCa19;04/02/2017 Bayern Munich-Schalke 04;H;D;1;1 a 1;1;1;60,10%;12;4;33,33%;501;600;83,50%;459000000;149,4285714;1;0;14;15;21;31;67,74%;47%;16;32;50,00%
BTCa20;11/02/2017 Ingolstadt-Bayern Munich;A;W;3;0 a 2;2;0;70,40%;17;5;29,41%;583;725;80,41%;462000000;149,6428571;1;0;14;15;19;21;90,48%;42%;13;26;50,00%
BTCa21;18/02/2017 Herta Berlin-Bayern Munich;A;D;1;1 a 1;1;1;70,80%;16;7;43,75%;634;722;87,81%;464000000;141,9285714;3;0;10;19;16;24;66,67%;41%;15;22;68,18%
BTCa22;25/02/2017 Bayern Munich-Hamburg;H;W;3;8 a 0;8;0;71,50%;18;12;66,67%;672;749;89,72%;481000000;145,9285714;0;0;16;11;7;11;63,64%;67%;11;19;57,90%
BTCa23;04/03/2017 Cologne-Bayern Munich;A;W;3;0 a 3;3;0;75,10%;20;8;40,00%;666;746;89,28%;444000000;139,3571429;2;0;9;11;17;20;85,00%;45%;16;20;80,00%
BTCa24;11/03/2017 Bayern Munich-Eintracht Frankfurt;H;W;3;3 a 0;3;0;71,30%;16;7;43,75%;591;681;86,78%;513000000;152,5714286;2;0;11;8;18;25;72,00%;54%;13;19;68,42%
BTCa25;19/03/2017 Borussia Monchengladbach-Bayern Munich;A;W;3;0 a 1;1;0;68,70%;19;6;31,58%;708;782;90,54%;429000000;145,2857143;2;0;11;5;13;20;65,00%;55%;11;19;57,90%
BTCa26;01/04/2017 Bayern Munich-Augsburg;H;W;3;6 a 0;6;0;74,10%;21;8;38,10%;742;822;90,27%;378500000;142,7857143;0;0;6;9;14;17;82,35%;50%;13;19;68,42%
BTCa27;04/04/2017 Hoffenheim-Bayern Munich;A;L;0;1 a 0;0;1;63,60%;21;6;28,57%;496;587;84,50%;321500000;110,2142857;1;0;12;17;27;34;79,41%;57%;13;22;59,09%
BTCa28;08/04/2017 Bayern Munich-Borussia Dortmund;H;W;3;4 a 1;4;1;70,70%;18;6;33,33%;735;800;91,88%;387500000;144,6428571;2;0;14;10;30;37;81,08%;69%;13;22;59,09%
BTCa29;15/04/2017 Bayer Leverkusen-Bayern Munich;A;D;1;0 a 0;0;0;72,10%;21;6;28,57%;668;750;89,07%;384000000;124,6428571;0;0;12;9;32;37;86,49%;57%;16;21;76,19%
BTCa30;22/04/2017 Bayern Munich-Mainz;H;D;1;2 a 2;2;2;76,00%;20;7;35,00%;646;754;85,68%;389500000;127,2857143;1;0;5;6;16;25;64,00%;73%;19;32;59,38%
BTCa31;29/04/2017 Wolfsburg-Bayern Munich;A;W;3;0 a 6;6;0;60,80%;17;9;52,94%;527;601;87,69%;385500000;126,7857143;0;0;10;12;11;19;57,90%;50%;10;18;55,56%
BTCa32;06/05/2017 Bayern Munich-Darmstad;H;W;3;1 a 0;1;0;67,20%;23;8;34,78%;530;597;88,78%;344300000;96,42857143;1;0;10;7;6;9;66,67%;48%;17;32;53,13%
BTCa33;13/05/2017 Liepzig-Bayern Munich;A;W;3;4 a 5;5;4;60,90%;20;9;45,00%;482;562;85,77%;414300000;138;5;0;11;19;19;26;73,08%;38%;11;19;57,90%
BTCa34;20/05/2017 Bayern Munch-Freiburg;H;W;3;4 a 1;4;1;65,90%;33;11;33,33%;533;611;87,23%;379300000;142,4285714;1;0;10;10;17;23;73,91%;50%;14;24;58,33%
BTCo1;27/08/2016 Eintracht Frankfurt-Schalke 04;H;W;3;1 a 0;1;0;44,00%;11;4;36,36%;266;349;76,22%;35000000;83,78571429;2;1;11;15;12;17;70,59%;46%;9;18;50,00%
BTCo2;10/09/2016 Darmstadt-Eintracht Frankfurt;A;L;0;1 a 0;0;1;77,50%;14;3;21,43%;634;717;88,42%;32300000;91,5;2;0;13;16;9;10;90,00%;38%;5;18;27,78%
BTCo3;17/09/2016 Eintracht Frankfurt-Bayer Leverkusen;H;W;3;2 a 1;2;1;40,20%;17;8;47,06%;248;347;71,47%;37500000;84,57142857;3;0;22;14;22;36;61,11%;59%;8;21;38,10%
BTCo4;20/09/2016 Ingolstadt-Eintracht Frankfurt;A;W;3;0 a 2;2;0;43,50%;9;5;55,56%;176;316;55,70%;36250000;64,35714286;1;0;19;20;18;21;85,71%;52%;6;12;50,00%
BTCo5;24/09/2016 Eintracht Frankfurt-Herta Berlin ;H;D;1;3 a 3;3;3;56,70%;11;4;36,36%;445;526;84,60%;37300000;68,78571429;4;0;15;13;14;22;63,64%;46%;7;23;30,44%
BTCo6;01/10/2016 Freiburg-Eintracht Frankfurt;A;L;0;1 a 0;0;1;62,70%;14;3;21,43%;431;525;82,10%;38050000;79,14285714;3;0;13;12;12;22;54,55%;52%;4;14;28,57%
BTCo7;15/10/2016 Eintracht Frankfurt-Bayern Munich;H;D;1;2 a 2;2;2;37,60%;13;4;30,77%;221;320;69,06%;37500000;79,71428571;3;1;18;11;23;31;74,19%;53%;5;11;45,46%
BTCo8;21/10/2016 Hamburg-Eintracht Frankfurt;A;W;3;0 a 3;3;0;58,60%;13;4;30,77%;415;527;78,75%;40250000;74,07142857;4;0;9;16;29;40;72,50%;33%;13;19;68,42%
BTCo9;28/10/2016 Borussia Monchengladbach-Eintracht Frankfurt;A;D;1;0 a 0;0;0;36,80%;6;1;16,67%;259;373;69,44%;37500000;64,14285714;2;0;15;19;9;13;69,23%;39%;9;24;37,50%
BTCo10;05/11/2016 Eintracht Frankfurt-Cologne;H;W;3;1 a 0;1;0;48,80%;9;1;11,11%;361;467;77,30%;37800000;79,64285714;3;0;20;10;10;13;76,92%;30%;6;12;50,00%
BTCo11;20/11/2016 Werder Bremen-Eintracht Frankfurt;A;W;3;1 a 2;2;1;56,90%;18;9;50,00%;421;518;81,27%;32100000;80,21428571;2;0;18;23;18;22;81,82%;50%;12;17;70,59%
BTCo12;26/11/2016 Eintracht Frankfurt-Borussia Dortmund;H;W;3;2 a 1;2;1;31,80%;12;4;33,33%;166;276;60,15%;35100000;84,57142857;4;0;18;13;17;30;56,67%;47%;4;13;30,77%
BTCo13;04/12/2016 Augsburg-Eintracht Frankfurt;A;D;1;1 a 1;1;1;59,80%;7;4;57,14%;417;524;79,58%;36600000;64,14285714;2;0;13;11;15;18;83,33%;41%;15;25;60,00%
BTCo14;09/12/2016 Eintracht Frankfurt-Hoffenheim;H;D;1;0 a 0;0;0;43,20%;15;3;20,00%;263;340;77,35%;38000000;79,64285714;4;1;28;17;16;21;76,19%;26%;3;14;21,43%
BTCo15;17/12/2016 Wolfsburg-Eintracht Frankfurt;A;L;0;1 a 0;0;1;61,60%;8;1;12,50%;434;537;80,82%;35600000;70;4;0;18;18;13;19;68,42%;42%;8;15;53,33%
BTCo16;20/12/2016 Eintracht Frankfurt-Mainz;H;W;3;3 a 0;3;0;56,80%;9;4;44,44%;340;452;75,22%;30600000;44,5;3;0;14;9;23;28;82,14%;45%;11;17;64,71%
BTCo17;21/01/2017 RB Leipzig-Eintracht Frankfurt;A;L;0;3 a 0;0;3;28,90%;4;3;75,00%;116;234;49,57%;32600000;52,85714286;2;1;15;8;14;21;66,67%;29%;10;20;50,00%
BTCo18;27/01//2017 Schalke 04-Eintracht Frankfurt;A;W;3;0 a 1;1;0;48,20%;8;1;12,50%;235;379;62,01%;35100000;70,85714286;1;0;17;18;24;30;80,00%;55%;11;21;52,38%
BTCo19;05/02/2017 Eintracht Frankfurt-Darmstadt;H;W;3;2 a 0;2;0;71,00%;15;6;40,00%;516;596;86,58%;30500000;68,92857143;2;0;7;16;11;15;73,33%;40%;10;21;47,62%
BTCo20;11/02/2017 Bayer Leverkusen-Eintracht Frankfurt;A;L;0;3 a 0;0;3;50,20%;9;3;33,33%;343;459;74,73%;36100000;67,78571429;1;0;10;10;17;24;70,83%;43%;22;38;57,90%
BTCo21;18/02/2017 Eintracht Frankfurt-Ingolstadt;H;L;0;0 a 2;0;2;51,10%;15;6;40,00%;277;407;68,06%;32150000;67,85714286;4;1;16;12;17;23;73,91%;43%;6;12;50,00%
BTCo22;25/02/2017 Herta Berlin-Eintracht Frankfurt;A;L;0;2 a 0;0;2;42,50%;7;2;28,57%;274;378;72,49%;28450000;42,42857143;2;1;16;11;17;21;80,95%;50%;7;16;43,75%
BTCo23;05/03/2017 Eintracht Frankfurt-Freiburg;H;L;0;1 a 2;1;2;47,10%;15;3;20,00%;256;367;69,76%;26650000;58,5;2;0;13;14;22;30;73,33%;54%;9;19;47,37%
BTCo24;11/03/2017 Bayern Munich-Eintracht Frankfurt;A;L;0;3 a 0;0;3;28,70%;10;4;40,00%;181;275;65,82%;28650000;58,85714286;3;0;8;11;12;25;48,00%;46%;7;19;36,84%
BTCo25;18/03/2017 Eintracht Frankfurt-Hambur;H;D;1;0 a 0;0;0;57,00%;7;1;14,29%;183;319;57,37%;32050000;74,14285714;1;0;19;24;12;14;85,71%;41%;5;12;41,67%
BTCo26;01/04/2017 Eintracht Frankfurt-Borussia Monchengladbach;H;D;1;0 a 0;0;0;62,60%;15;4;26,67%;486;569;85,41%;34850000;38,35714286;4;0;13;12;17;28;60,71%;39%;7;23;30,44%
BTCo27;04/04/2017 Cologne-Eintracht Frankfurt;A;L;0;1 a 0;0;1;64,30%;12;2;16,67%;465;558;83,33%;31100000;28,78571429;2;0;20;11;17;21;80,95%;52%;9;24;37,50%
BTCo28;07/04/2017 Eintracht Frankfurt-Werder Bremen;H;D;1;2 a 2;2;2;61,70%;16;7;43,75%;444;556;79,86%;32050000;58,21428571;2;0;19;8;17;24;70,83%;38%;10;18;55,56%
BTCo29;15/04/2017 Borussia Dortmund-Eintracht Frankfurt;A;L;0;3 a 1;1;3;35,40%;9;2;22,22%;187;302;61,92%;27650000;34,14285714;0;0;23;12;13;28;46,43%;44%;4;11;36,36%
BTCo30;22/04/2017 Eintracht Frankfurt-Augsburg;H;W;3;3 a 1;3;1;73,60%;20;7;35,00%;577;687;83,99%;33600000;38,35714286;2;0;14;8;11;20;55,00%;55%;14;27;51,85%
BTCo31;30/04/2017 Hoffenheim-Eintracht Frankfurt;A;L;0;1 a 0;0;1;29,40%;4;2;50,00%;158;247;63,97%;35900000;62;3;0;18;22;24;35;68,57%;43%;7;13;53,85%
BTCo32;06/05/2017 Eintracht Frankfurt-Wolfsburg;H;L;0;0 a 2;0;2;50,90%;7;2;28,57%;373;467;79,87%;37550000;37,28571429;1;0;12;14;13;16;81,25%;30%;6;11;54,55%
BTCo33;13/05/2017 Mainz-Eintracht Frankfurt;A;L;0;4 a 2;2;4;37,20%;6;4;66,67%;191;273;69,96%;31250000;38,35714286;4;0;22;16;17;23;73,91%;45%;5;8;62,50%
BTCo34;20/05/2017 Eintracht Frankfurt-RB Leipzig;H;D;1;2 a 2;2;2;42,30%;17;3;17,65%;252;370;68,11%;36550000;58,78571429;1;0;12;17;26;43;60,47%;47%;12;19;63,16%
L1Ca1;12/08/2016 AS Monaco-Guingamp;H;D;1;2 a 2;2;2;70,70%;18;4;22,22%;446;513;86,94%;115000000;54,35714286;3;0;14;15;13;22;59,09%;44%;18;29;62,07%
L1Ca2;20/08/2016 Nantes-AS Monaco;A;W;3;0 a 1;1;0;46,30%;8;3;37,50%;298;393;75,83%;86200000;45,57142857;4;0;18;14;19;24;79,17%;55%;4;9;44,44%
L1Ca3;28/08/2016 AS Monaco-Paris Saint Germain;H;W;3;3 a 1;3;1;33,90%;9;2;22,22%;249;325;76,62%;95000000;55,42857143;1;0;9;10;26;44;59,09%;18%;7;15;46,67%
L1Ca4;10/09/2016 Lille-AS Monaco;A;W;3;1 a 4;4;1;47,70%;9;6;66,67%;349;430;81,16%;120000000;50,42857143;1;0;13;19;21;42;50,00%;44%;14;22;63,64%
L1Ca5;17/09/2016 AS Monaco-Rennes;H;W;3;3 a 0;3;0;47,00%;17;7;41,18%;373;477;78,20%;129000000;49,07142857;1;0;13;10;27;43;62,79%;35%;10;15;66,67%
L1Ca6;21/09/2016 Nice-AS Monaco;A;L;0;4 a 0;0;4;50,40%;16;7;43,75%;395;457;86,43%;128000000;58;1;1;16;12;24;36;66,67%;37%;8;10;80,00%
L1Ca7;24/09/2016 AS Monaco-Angers;H;W;3;2 a 1;2;1;58,30%;14;4;28,57%;407;498;81,73%;105700000;47,71428571;1;0;10;9;18;23;78,26%;28%;11;14;78,57%
L1Ca8;01/10/2016 Metz-AS Monaco;A;W;3;0 a 7;7;0;57,00%;14;9;64,29%;367;445;82,47%;105000000;47,64285714;1;0;12;14;25;37;67,57%;48%;5;6;83,33%
L1Ca9;14/10/2016 Toulouse-AS Monaco;A;L;0;3 a 1;1;3;42,60%;4;1;25,00%;223;318;70,13%;113000000;61,64285714;1;0;17;14;18;28;64,29%;47%;9;15;60,00%
L1Ca10;21/10/2016 AS Monaco-Montpellier;H;W;3;6 a 2;6;2;59,60%;14;9;64,29%;425;506;83,99%;118500000;50,64285714;2;0;14;10;10;18;55,56%;71%;7;15;46,67%
L1Ca11;29/10/2016 Saint Etienne-AS Monaco;A;D;1;1 a 1;1;1;56,90%;13;6;46,15%;364;454;80,18%;117000000;51;4;0;15;11;23;30;76,67%;40%;5;10;50,00%
L1Ca12;05/11/2016 AS Monaco-Nancy;H;W;3;6 a 0;6;0;57,60%;16;8;50,00%;389;480;81,04%;109000000;60,28571429;0;0;10;18;15;19;78,95%;70%;9;20;45,00%
L1Ca13;18/11/2016 Loirent-AS Monaco;A;W;3;0 a 3;3;0;51,20%;11;6;54,55%;356;455;78,24%;117000000;51;1;0;12;15;26;38;68,42%;58%;7;16;43,75%
L1Ca14;26/11/2016 AS Monaco-Marseille;H;W;3;4 a 0;4;0;57,40%;16;9;56,25%;526;605;86,94%;124500000;57,78571429;1;0;5;9;20;36;55,56%;65%;22;30;73,33%
L1Ca15;29/11/2016 Dijon-AS Monaco;A;D;1;1 a 1;1;1;45,80%;9;4;44,44%;362;453;79,91%;117700000;57,78571429;0;0;12;7;16;23;69,57%;45%;3;7;42,86%
L1Ca16;03/12/2016 AS Monaco-Bastia;H;W;3;5 a 0;5;0;54,40%;12;7;58,33%;402;477;84,28%;111500000;50,07142857;3;0;16;11;15;26;57,69%;55%;8;15;53,33%
L1Ca17;10/12/2016 Bordeaux-AS Monaco;A;W;3;0 a 4;4;0;53,10%;16;6;37,50%;393;461;85,25%;131000000;57,35714286;1;0;15;11;22;35;62,86%;60%;10;17;58,82%
L1Ca18;18/12/2016 AS Monaco-Lyon;H;L;0;1 a 3;1;3;55,70%;13;4;30,77%;221;299;73,91%;115500000;54,78571429;4;1;20;20;20;30;66,67%;60%;18;28;64,29%
L1Ca19;21/12/2016 AS Monaco-Caen;H;W;3;2 a 1;2;1;57,60%;21;6;28,57%;378;451;83,81%;123000000;54,57142857;3;0;15;12;10;21;47,62%;36%;12;17;70,59%
L1Ca20;15/01/2017 Marseille-AS Monaco;A;W;3;1 a 4;4;1;42,20%;14;9;64,29%;347;418;83,01%;127000000;52,64285714;1;0;7;7;24;35;68,57%;48%;14;24;58,33%
L1Ca21;22/01/2017 AS Monaco-Lorient;H;W;3;4 a 0;4;0;49,40%;16;8;50,00%;348;439;79,27%;128500000;55,5;1;0;7;12;22;34;64,71%;48%;14;21;66,67%
L1Ca22;29/01/2017 Paris Saint Germain-AS Monaco;A;D;1;1 a 1;1;1;45,10%;14;7;50,00%;308;383;80,42%;131000000;57,35714286;1;0;11;13;17;33;51,52%;47%;7;15;46,67%
L1Ca23;04/02/2017 AS Monaco-Nice;H;W;3;3 a 0;3;0;34,80%;14;7;50,00%;237;312;75,96%;127000000;59,28571429;1;0;21;11;17;31;54,84%;57%;13;20;65,00%
L1Ca24;07/02/2017 Montpellier-AS Monaco;A;W;3;1 a 2;2;1;48,20%;11;5;45,46%;327;430;76,05%;127000000;56,21428571;1;1;13;15;23;38;60,53%;35%;19;33;57,58%
L1Ca25;11/02/2017 AS Monaco-Metz;H;W;3;5 a 0;5;0;62,20%;26;13;50,00%;478;556;85,97%;106100000;45,92857143;1;0;7;11;11;14;78,57%;35%;15;19;78,95%
L1Ca26;17/02/2017 Bastia-AS Monaco;A;D;1;1 a 1;1;1;65,10%;16;4;25,00%;482;571;84,41%;125500000;53,5;0;0;10;14;18;24;75,00%;57%;9;13;69,23%
L1Ca27;25/02/2017 Guingamp-AS Monaco;A;W;3;1 a 2;2;1;44,20%;14;6;42,86%;230;318;72,33%;127000000;52,64285714;2;0;14;16;21;26;80,77%;60%;5;9;55,56%
L1Ca28;05/03/2017 AS Monaco-Nantes;H;W;3;4 a 0;4;0;47,80%;13;7;53,85%;322;408;78,92%;104400000;57,85714286;2;0;10;16;13;23;56,52%;48%;13;20;65,00%
L1Ca29;11/03/2017 AS Monaco-Bordeaux;H;W;3;2 a 1;2;1;62,90%;10;6;60,00%;408;502;81,28%;127000000;62,21428571;1;0;9;11;18;29;62,07%;61%;10;24;41,67%
L1Ca30;19/03/2017 Caen-AS Monaco;A;W;3;0 a 3;3;0;48,00%;17;7;41,18%;322;428;75,23%;102900000;52,07142857;0;0;14;8;21;33;63,64%;30%;17;25;68,00%
L1Ca31;08/04/2017 Angers-AS Monaco;A;W;3;0 a 1;1;0;44,40%;11;6;54,55%;247;334;73,95%;128500000;59,57142857;1;0;15;13;16;22;72,73%;37%;5;11;45,46%
L1Ca32;15/04/2017 AS Monaco-Dijon;H;W;3;2 a 1;2;1;55,80%;19;6;31,58%;325;393;82,70%;125500000;53,5;1;0;11;14;14;23;60,87%;55%;16;25;64,00%
L1Ca33;23/04/2017 Lyon-AS Monaco;A;W;3;1 a 2;2;1;45,40%;14;6;42,86%;299;397;75,32%;118500000;52,78571429;1;0;12;14;13;21;61,91%;58%;9;16;56,25%
L1Ca34;29/04/2017 AS Monaco-Toulouse;H;W;3;3 a 1;3;1;65,70%;29;11;37,93%;438;495;88,49%;123500000;54,64285714;1;0;8;15;17;27;62,96%;54%;19;26;73,08%
L1Ca35;06/05/2017 Nancy-AS Monaco;A;W;3;0 a 3;3;0;52,20%;18;8;44,44%;370;476;77,73%;122500000;59,64285714;1;0;7;9;11;19;57,90%;72%;8;13;61,54%
L1Ca36;14/05/2017 AS Monaco-Lille;H;W;3;4 a 0;4;0;42,40%;11;3;27,27%;259;322;80,44%;131000000;57,35714286;1;0;17;10;21;37;56,76%;50%;9;18;50,00%
L1Ca37;17/05/2017 AS Monaco-Saint Etienne;H;W;3;2 a 0;2;0;62,60%;14;5;35,71%;554;614;90,23%;129000000;59,57142857;1;0;6;9;16;26;61,54%;46%;4;10;40,00%
L1Ca38;20/05/2017 Rennes-AS Monaco;A;W;3;2 a 3;3;2;49,50%;23;12;52,17%;383;474;80,80%;69000000;40;0;0;12;9;21;26;80,77%;45%;10;18;55,56%
L1Co1;13/08/2016 Montpellier-Angers;H;W;3;1 a 0;1;0;53,10%;14;3;21,43%;351;450;78,00%;19300000;135,8571429;1;0;9;12;21;28;75,00%;48%;5;12;41,67%
L1Co2;21/08/2016 Saint Etienne-Montpellier;A;L;0;3 a 1;1;3;42,50%;13;3;23,08%;240;349;68,77%;18300000;138,2142857;1;0;12;9;20;33;60,61%;54%;13;17;76,47%
L1Co3;27/08/2017 Montpellier-Rennes;H;D;1;1 a 1;1;1;43,70%;11;5;45,46%;294;415;70,84%;18300000;138,2142857;1;0;13;16;21;35;60,00%;52%;7;12;58,33%
L1Co4;10/09/2016 Guingamp-Montpellier;A;D;1;1 a 1;1;1;48,70%;5;2;40,00%;281;379;74,14%;18550000;104,7857143;1;0;14;14;10;18;55,56%;55%;10;16;62,50%
L1Co5;18/09/2016 Montpellier-Nice;H;D;1;1 a 1;1;1;47,00%;15;5;33,33%;369;446;82,74%;17300000;128,2857143;1;0;18;12;22;36;61,11%;68%;6;14;42,86%
L1Co6;21/09/2016 Lyon-Montpellier;A;L;0;5 a 1;1;5;33,30%;8;2;25,00%;265;336;78,87%;17950000;139,0714286;1;1;15;10;15;22;68,18%;41%;14;19;73,68%
L1Co7;24/09/2016 Montpellier-Metz;H;L;0;0 a 1;0;1;67,60%;16;2;12,50%;378;471;80,26%;18800000;130,5;2;0;14;20;14;23;60,87%;53%;14;26;53,85%
L1Co8;01/10/2016 Dijon-Montpellier;A;D;1;3 a 3;3;3;44,90%;16;6;37,50%;337;431;78,19%;20300000;83,85714286;2;0;12;12;19;31;61,29%;60%;6;13;46,15%
L1Co9;15/10/2016 Montpellier-Caen;H;W;3;3 a 2;3;2;51,20%;11;7;63,64%;318;418;76,08%;19600000;68;0;1;13;6;12;23;52,17%;41%;6;12;50,00%
L1Co10;21/10/2016 AS Monaco-Montpellier;A;L;0;6 a 2;2;6;40,40%;9;3;33,33%;255;346;73,70%;20850000;135,9285714;0;0;10;14;18;25;72,00%;29%;8;10;80,00%
L1Co11;29/10/2016 Lorient-Montpellier;A;D;1;2 a 2;2;2;43,40%;8;4;50,00%;302;390;77,44%;10350000;87,57142857;1;0;9;13;21;34;61,77%;63%;7;11;63,64%
L1Co12;04/11/2016 Montpellier-Marseille;H;W;3;3 a 1;3;1;31,90%;13;4;30,77%;237;309;76,70%;15700000;113,3571429;1;0;10;9;19;29;65,52%;63%;12;15;80,00%
L1Co13;19/11/2016 Bastia-Montpellier;A;D;1;1 a 1;1;1;55,30%;11;4;36,36%;367;476;77,10%;15700000;126,0714286;0;0;14;15;11;20;55,00%;65%;9;16;56,25%
L1Co14;26/11/2016 Montpellier-Nancy;H;D;1;0 a 0;0;0;58,20%;12;4;33,33%;423;510;82,94%;16550000;110,5;1;1;5;16;10;15;66,67%;68%;9;16;56,25%
L1Co15;30/11/2016 Toulouse-Montpellier;A;L;0;1 a 0;0;1;54,70%;11;2;18,18%;303;426;71,13%;15400000;108;3;0;12;14;18;27;66,67%;55%;12;16;75,00%
L1Co16;03/12/2016 Montpellier-Paris Saint Germain;H;W;3;3 a 0;3;0;32,70%;6;3;50,00%;228;326;69,94%;11100000;134,6428571;0;0;7;15;23;35;65,71%;41%;14;19;73,68%
L1Co17;10/12/2016 Lille-Montpellier;A;L;0;2 a 1;1;2;55,10%;17;6;35,29%;421;526;80,04%;13950000;113,6428571;1;0;13;17;20;30;66,67%;54%;10;12;83,33%
L1Co18;17/12/2016 Montpellier-Bordeaux;H;W;3;4 a 0;4;0;40,50%;22;8;36,36%;312;389;80,21%;13200000;117,0714286;2;0;11;12;14;28;50,00%;59%;7;15;46,67%
L1Co19;21/12/2016 Nantes-Montpellier;A;L;0;1 a 0;0;1;57,00%;17;4;23,53%;445;525;84,76%;16550000;119,8571429;0;0;12;15;17;22;77,27%;74%;8;15;53,33%
L1Co20;14/01/2017 Montpellier-Dijon;H;D;1;1 a 1;1;1;54,00%;24;3;12,50%;411;499;82,37%;12100000;84,42857143;0;0;8;12;17;25;68,00%;68%;10;16;62,50%
L1Co21;21/01/2017 Metz-Montpellier;A;L;0;2 a 0;0;2;52,60%;15;4;26,67%;334;462;72,29%;13650000;96,35714286;2;0;10;18;14;20;70,00%;49%;17;24;70,83%
L1Co22;27/01/2017 Marseille-Montpellier;A;L;0;5 a 1;1;5;36,50%;19;9;47,37%;274;330;83,03%;15250000;96,85714286;1;1;7;12;15;24;62,50%;77%;15;20;75,00%
L1Co23;04/02/2017 Montpellier-Bastia;H;W;3;2 a 1;2;1;52,60%;13;5;38,46%;360;443;81,26%;19850000;114;3;0;10;17;19;29;65,52%;69%;19;26;73,08%
L1Co24;07/02/2017 Montpellier-AS Monaco;H;L;0;1 a 2;1;2;51,80%;11;2;18,18%;351;452;77,66%;15950000;101,7142857;1;0;15;13;21;40;52,50%;65%;15;25;60,00%
L1Co25;11/02/2017 Nancy-Montpellier;A;W;3;0 a 3;3;0;47,80%;10;5;50,00%;337;429;78,56%;17000000;77,92857143;2;0;13;11;13;24;54,17%;56%;12;17;70,59%
L1Co26;19/02/2017 Montpellier-Saint Etienne;H;W;3;2 a 1;2;1;61,70%;16;4;25,00%;522;612;85,29%;15000000;118,6428571;1;0;6;13;20;31;64,52%;72%;12;22;54,55%
L1Co27;24/02/2017 Nice-Montpellier;A;L;0;2 a 1;1;2;44,70%;11;1;9,09%;438;512;85,55%;17400000;101,9285714;1;0;10;10;11;20;55,00%;62%;18;24;75,00%
L1Co28;04/03/2017 Montpellier-Guingamp;H;D;1;1 a 1;1;1;56,50%;11;2;18,18%;476;562;84,70%;15900000;120,0714286;1;0;9;9;13;18;72,22%;60%;11;22;50,00%
L1Co29;11/03/2017 Montpellier-Nantes ;H;L;0;2 a 3;2;3;51,90%;14;8;57,14%;370;445;83,15%;14100000;121,2142857;0;0;6;17;11;15;73,33%;71%;12;23;52,17%
L1Co30;18/03/2017 Bordeaux-Montpellier;A;L;0;5 a 1;1;5;59,80%;14;4;28,57%;460;542;84,87%;15600000;116,0714286;0;1;9;7;21;31;67,74%;80%;17;28;60,71%
L1Co31;02/04/2017 Montpellier-Toulouse;H;L;0;0 a 1;0;1;62,90%;18;2;11,11%;394;483;81,57%;15350000;70,35714286;2;0;9;9;18;35;51,43%;50%;16;23;69,57%
L1Co32;08/04/2017 Caen-Montpellier;A;W;3;0 a 2;2;0;48,50%;15;6;40,00%;340;418;81,34%;15600000;81,42857143;3;0;12;15;13;25;52,00%;57%;15;25;60,00%
L1Co33;15/04/2017 Montpellier-Lorient;H;W;3;2 a 0;2;0;38,60%;10;5;50,00%;265;346;76,59%;16050000;67,14285714;1;0;5;7;15;25;60,00%;50%;11;16;68,75%
L1Co34;22/04/2017 Paris Saint Germain-Montpellier;A;L;0;2 a 0;0;2;30,80%;14;4;28,57%;264;338;78,11%;14700000;94,64285714;0;0;5;10;16;27;59,26%;38%;14;22;63,64%
L1Co35;29/04/2017 Montepellier-Lille;H;L;0;0 a 3;0;3;61,00%;18;7;38,89%;446;516;86,43%;15200000;93,71428571;1;0;7;14;19;23;82,61%;52%;10;27;37,04%
L1Co36;07/05/2017 Rennes-Montpellier;A;L;0;1 a 0;0;1;58,00%;6;1;16,67%;442;549;80,51%;16350000;96,42857143;2;0;9;13;15;21;71,43%;51%;12;15;80,00%
L1Co37;14/05/2017 Montpellier-Lyon;H;L;0;1 a 3;1;3;42,00%;15;4;26,67%;263;361;72,85%;14750000;65,5;3;0;16;10;22;31;70,97%;53%;12;21;57,14%
L1Co38;20/05/2017 Angers-Montpellier;A;L;0;2 a 0;0;2;61,40%;12;5;41,67%;585;659;88,77%;14900000;90;2;0;10;6;17;29;58,62%;48%;11;22;50,00%
SACa1;20/08/2016 Juventus-Fiorentina;H;W;3;2 a 1;2;1;53,80%;19;4;21,05%;495;560;88,39%;248000000;156,7857143;1;0;11;16;20;30;66,67%;63%;7;11;63,64%
SACa2;27/08/2016 Lazio-Juventus;A;W;3;0 a 1;1;0;47,10%;13;5;38,46%;408;485;84,12%;241000000;149,7142857;2;0;5;16;20;31;64,52%;52%;13;22;59,09%
SACa3;10/09/2016 Juventus-Sassuolo;H;W;3;3 a 1;3;1;69,00%;23;10;43,48%;556;640;86,88%;289000000;153,7857143;1;0;10;12;13;18;72,22%;53%;10;12;83,33%
SACa4;18/09/2016 Inter-Juventus;A;L;0;2 a 1;1;2;51,70%;9;2;22,22%;366;446;82,06%;293000000;177,2857143;3;0;18;13;10;17;58,82%;42%;5;9;55,56%
SACa5;21/09/2016 Juventus-Cagliari;H;W;3;4 a 0;4;0;61,40%;28;13;46,43%;553;629;87,92%;243000000;141,9285714;1;0;19;12;19;22;86,36%;58%;4;9;44,44%
SACa6;24/09/2016 Palermo-Juventus;A;W;3;0 a 1;1;0;52,50%;14;6;42,86%;453;526;86,12%;269000000;161,2142857;3;0;9;16;21;32;65,63%;55%;9;10;90,00%
SACa7;02/10/2016 Empoli-Juventus;A;W;3;0 a 3;3;0;57,30%;26;11;42,31%;427;501;85,23%;284000000;165,2142857;1;0;20;21;21;32;65,63%;72%;21;28;75,00%
SACa8;15/10/2016 Juventus-Udinese;H;W;3;2 a 1;2;1;49,50%;15;5;33,33%;417;481;86,69%;252000000;160,9285714;1;0;11;11;17;20;85,00%;55%;4;6;66,67%
SACa9;22/10/2016 Milan-Juventus;A;L;0;1 a 0;0;1;58,10%;22;3;13,64%;392;464;84,48%;305000000;151,9285714;3;0;14;19;10;19;52,63%;62%;6;14;42,86%
SACa10;26/10/2016 Juventus-Sampdoria;H;W;3;4 a 1;4;1;62,20%;13;7;53,85%;539;627;85,97%;293000000;117;0;0;6;16;11;15;73,33%;77%;5;7;71,43%
SACa11;29/10/2016 Juventus-Napoli;H;W;3;2 a 1;2;1;51,40%;10;2;20,00%;445;533;83,49%;287000000;196,0714286;4;0;11;10;11;16;68,75%;44%;8;13;61,54%
SACa12;06/11/2016 Chievo-Juventus;A;W;3;1 a 2;2;1;58,70%;17;6;35,29%;439;513;85,58%;252000000;164,7857143;4;0;14;20;17;26;65,39%;57%;8;11;72,73%
SACa13;19/11/2016 Juventus-Pescara;H;W;3;3 a 0;3;0;61,20%;14;5;35,71%;586;649;90,29%;239500000;102,1428571;0;0;11;15;17;19;89,47%;63%;7;12;58,33%
SACa14;27/11/2016 Genoa-Juventus;A;L;0;3 a 1;1;3;64,40%;13;2;15,39%;449;538;83,46%;279000000;143,7857143;2;0;9;26;18;25;72,00%;42%;8;12;66,67%
SACa15;03/12/2016 Juventus-Atalanta;H;W;3;3 a 1;3;1;52,40%;12;7;58,33%;364;453;80,35%;262000000;151,5714286;3;0;25;18;21;30;70,00%;77%;18;24;75,00%
SACa16;11/12/2016 Torino-Juventus;A;W;3;1 a 3;3;1;48,20%;17;8;47,06%;336;432;77,78%;301000000;155;2;0;19;23;15;20;75,00%;56%;7;12;58,33%
SACa17;17/12/2016 Juventus-Roma;H;W;3;1 a 0;1;0;39,30%;7;6;85,71%;225;326;69,02%;299000000;177,2857143;3;0;16;17;16;24;66,67%;48%;8;16;50,00%
SACa18;08/01/2017 Juventus-Bologna;H;W;3;3 a 0;3;0;53,60%;13;4;30,77%;477;558;85,48%;286500000;150,6428571;1;0;11;13;18;26;69,23%;50%;16;21;76,19%
SACa19;15/01/2017 Fiorentina-Juventus;A;L;0;2 a 1;1;2;52,00%;11;4;36,36%;351;440;79,77%;290500000;165,6428571;5;0;20;22;18;29;62,07%;63%;17;28;60,71%
SACa20;22/01/2017 Juventus-Lazio;H;W;3;2 a 0;2;0;57,90%;7;2;28,57%;590;658;89,67%;278500000;183,9285714;0;0;10;19;19;31;61,29%;50%;17;25;68,00%
SACa21;29/01/2017 Sassuolo-Juventus;A;W;3;0 a 2;2;0;54,80%;14;5;35,71%;458;549;83,42%;288500000;148,7142857;1;0;13;18;9;21;42,86%;70%;8;16;50,00%
SACa22;05/02/2017 Juventus-Inter;H;W;3;1 a 0;1;0;48,00%;14;6;42,86%;351;441;79,59%;325000000;166,9285714;5;0;14;16;25;33;75,76%;62%;10;13;76,92%
SACa23;08/02/2017 Crotone-Juventus;A;W;3;0 a 2;2;0;79,90%;17;11;64,71%;763;854;89,34%;264500000;140;1;0;11;13;16;21;76,19%;85%;9;17;52,94%
SACa24;12/02/2017 Cagliari-Juventus;A;W;3;2 a 0;2;0;62,90%;13;3;23,08%;570;646;88,24%;320000000;167,6428571;5;0;14;20;13;21;61,91%;38%;10;14;71,43%
SACa25;17/02/2017 Juventus-Palermo;H;W;3;4 a 1;4;1;57.4%;14;7;50,00%;506;572;88,46%;275500000;139,1428571;1;0;12;12;21;25;84,00%;47%;9;15;60,00%
SACa26;25/02/2017 Juventus-Empoli;H;W;3;2 a 0;2;0;53,80%;24;6;25,00%;499;570;87,54%;314500000;94,57142857;0;0;12;11;14;20;70,00%;75%;17;21;80,95%
SACa27;05/03/2017 Udinese-Juventus;A;D;1;1 a 1;1;1;65,00%;9;3;33,33%;437;516;84,69%;309500000;139,0714286;2;0;20;17;19;27;70,37%;52%;5;8;62,50%
SACa28;10/03/2017 Juventus-Milan;H;W;3;2 a 1;2;1;58,90%;24;12;50,00%;478;556;85,97%;234500000;160,8571429;3;0;8;21;16;21;76,19%;48%;14;16;87,50%
SACa29;19/03/2017 Sampdoria-Juventus;A;W;3;0 a 1;1;0;50,80%;9;5;55,56%;442;532;83,08%;254000000;144,6428571;1;0;10;6;15;27;55,56%;44%;17;25;68,00%
SACa30;02/04/2017 Napoli-Juventus;A;D;1;1 a 1;1;1;39,30%;4;1;25,00%;384;473;81,18%;302500000;180,3571429;0;0;9;11;18;30;60,00%;48%;14;21;66,67%
SACa31;08/04/2017 Juventus-Chievo;H;W;3;2 a 0;2;0;56,50%;17;6;35,29%;535;597;89,62%;275000000;159,0714286;1;0;8;12;15;27;55,56%;40%;21;24;87,50%
SACa32;15/04/2017 Pescara-Juventus;A;W;3;0 a 2;2;0;62,00%;14;7;50,00%;547;620;88,23%;267500000;131,2857143;1;0;12;19;12;23;52,17%;57%;16;21;76,19%
SACa33;23/04/2017 Juventus-Genoa;H;W;3;4 a 0;4;0;57,30%;18;4;22,22%;496;555;89,37%;264500000;130,2142857;0;0;10;13;14;18;77,78%;67%;11;17;64,71%
SACa34;28/04/2017 Atalanta-Juventus;A;D;1;2 a 2;2;2;65,30%;16;8;50,00%;512;594;86,20%;291000000;168;2;0;9;13;18;28;64,29%;58%;9;15;60,00%
SACa35;06/05/2017 Juventus-Torino;H;D;1;1 a 1;1;1;61,50%;22;5;22,73%;465;544;85,48%;315500000;112,9285714;3;0;15;11;20;24;83,33%;41%;11;15;73,33%
SACa36;14/05/2017 Roma-Juventus;A;L;0;3 a 1;1;3;54,90%;16;5;31,25%;416;481;86,49%;303000000;164,2857143;2;0;6;9;18;24;75,00%;46%;11;12;91,67%
SACa37;21/05/2017 Juventus-Crotone;H;W;3;3 a 0;3;0;69,20%;18;7;38,89%;504;596;84,56%;304500000;157,5;1;0;13;14;23;31;74,19%;57%;5;11;45,46%
SACa38;27/05/2017 Bologna-Juventus;A;W;3;1 a 2;2;1;62,80%;17;7;41,18%;513;589;87,10%;282700000;126,3571429;1;0;8;17;7;12;58,33%;53%;13;18;72,22%
SACo1;21/08/2016 Bologna-Crotone;H;W;3;1 a 0;1;0;47,40%;20;6;30,00%;354;437;81,01%;40100000;87,28571429;1;0;7;17;16;22;72,73%;63%;11;16;68,75%
SACo2;28/08/2016 Torino-Bologna;A;L;0;5 a 1;1;5;51,60%;10;2;20,00%;357;423;84,40%;42800000;88,21428571;2;0;12;14;20;34;58,82%;36%;11;16;68,75%
SACo3;11/09/2016 Bologna-Cagliari;H;W;3;2 a 1;2;1;45,80%;17;10;58,82%;309;378;81,75%;41300000;73,57142857;1;0;13;9;10;23;43,48%;58%;9;16;56,25%
SACo4;17/09/2016 Napoli-Bologna;A;L;0;3 a 1;1;3;38,50%;8;3;37,50%;353;433;81,52%;35300000;67,14285714;1;1;7;11;13;24;54,17%;36%;10;15;66,67%
SACo5;21/09/2016 Bologna-Sampdoria;H;W;3;2 a 0;2;0;40,40%;11;4;36,36%;276;373;74,00%;37300000;79,57142857;1;1;16;12;20;25;80,00%;36%;8;23;34,78%
SACo6;25/09/2016 Inter-Bologna;A;D;1;1 a 1;1;1;39,70%;8;3;37,50%;262;357;73,39%;39200000;75,35714286;4;0;7;12;28;40;70,00%;27%;8;14;57,14%
SACo7;02/10/2016 Bologna-Genoa;H;L;0;0 a 1;0;1;43,30%;6;3;50,00%;274;359;76,32%;38700000;73,35714286;1;2;8;22;8;15;53,33%;68%;14;28;50,00%
SACo8;16/10/2016 Lazio-Bologna;A;D;1;1 a 1;1;1;36,60%;10;4;40,00%;224;307;72,96%;29500000;55,5;3;0;16;13;27;35;77,14%;35%;5;6;83,33%
SACo9;23/10/2016 Bologna-Sassuolo;H;D;1;1 a 1;1;1;49,10%;14;4;28,57%;366;445;82,25%;29300000;63,78571429;0;0;11;13;27;40;67,50%;48%;9;10;90,00%
SACo10;26/10/2016 Chievo-Bologna;A;D;1;1 a 1;1;1;44,30%;8;4;50,00%;340;434;78,34%;31200000;59,35714286;4;0;14;18;24;31;77,42%;48%;1;7;14,29%
SACo11;29/10/2016 Bologna-Fiorentina;H;L;0;0 a 1;0;1;40,60%;5;2;40,00%;341;417;81,78%;32100000;83,71428571;3;1;8;17;25;32;78,13%;53%;5;11;45,46%
SACo12;06/11/2017 Roma-Bologna;A;L;0;3 a 0;0;3;46,20%;13;5;38,46%;330;419;78,76%;41500000;49,85714286;0;0;9;18;6;21;28,57%;44%;6;13;46,15%
SACo13;20/11/2016 Bologna-Palermo;H;W;3;3 a 1;3;1;47,50%;8;4;50,00%;330;437;75,52%;41300000;73,28571429;1;0;15;15;22;29;75,86%;58%;8;11;72,73%
SACo14;27/11/2016 Bologna-Atalanta;H;L;0;0 a 2;0;2;52,00%;9;2;22,22%;370;470;78,72%;45000000;113,0714286;5;0;15;12;14;24;58,33%;47%;7;10;70,00%
SACo15;05/12/2017 Udinese-Bologna;A;L;0;1 a 0;0;1;43,10%;7;1;14,29%;364;450;80,89%;45300000;95,21428571;0;1;17;10;17;26;65,39%;45%;10;14;71,43%
SACo16;11/12/2016 Bologna-Empoli;H;D;1;0 a 0;0;0;53,90%;23;3;13,04%;355;452;78,54%;39300000;80,42857143;2;0;14;17;21;25;84,00%;56%;7;10;70,00%
SACo17;18/12/2016 Pescara-Bologna;A;W;3;0 a 3;3;0;69,70%;17;8;47,06%;659;728;90,52%;43300000;82,92857143;2;0;16;13;8;17;47,06%;59%;5;10;50,00%
SACo18;08/01/2017 Juventus-Bologna;A;L;0;3 a 0;0;3;46,40%;7;2;28,57%;422;494;85,43%;48600000;68,85714286;2;0;13;11;16;32;50,00%;50%;8;14;57,14%
SACo19;14/01/2017 Crotone-Bologna;A;W;3;0 a 1;1;0;50,00%;14;7;50,00%;317;428;74,07%;39200000;82,78571429;4;0;14;14;12;20;60,00%;61%;11;14;78,57%
SACo20;22/01/2017 Bologna-Torino;H;W;3;2 a 0;2;0;43,00%;9;5;55,56%;274;364;75,28%;42200000;63,64285714;2;0;11;11;18;31;58,07%;55%;8;12;66,67%
SACo21;29/01/2017 Cagliari-Bologna;A;D;1;1 a 1;1;1;47,10%;8;2;25,00%;357;458;77,95%;41700000;53,28571429;3;2;18;15;20;29;68,97%;32%;7;10;70,00%
SACo22;04/02/2017 Bologna-Napoli;H;L;0;1 a 7;1;7;47,20%;17;7;41,18%;443;512;86,52%;40100000;67,78571429;2;1;10;9;13;28;46,43%;40%;3;3;100,00%
SACo23;08/02/2017 Bologna-Milan;H;L;0;0 a 1;0;1;55,00%;20;5;25,00%;375;448;83,71%;37600000;65,5;5;0;13;14;17;29;58,62%;30%;11;19;57,90%
SACo24;12/02/2017 Sampdoria-Bologna;A;L;0;3 a 1;1;3;35,90%;10;2;20,00%;231;322;71,74%;42600000;51,42857143;4;0;14;12;20;34;58,82%;57%;9;9;100,00%
SACo25;19/02/2017 Bologna-Inter;H;L;0;0 a 1;0;1;45,60%;8;1;12,50%;264;365;72,33%;32200000;44,35714286;1;0;18;18;21;31;67,74%;56%;7;10;70,00%
SACo26;26/02/2017 Genoa-Bologna;A;D;1;1 a 1;1;1;63,90%;12;4;33,33%;567;644;88,04%;38600000;66,21428571;1;1;6;15;20;32;62,50%;63%;5;11;45,46%
SACo27;05/03/2017 Bologna-Lazio;H;L;0;0 a 2;0;2;46,10%;9;3;33,33%;374;466;80,26%;38800000;61,28571429;2;0;9;19;25;36;69,44%;28%;13;20;65,00%
SACo28;12/03/2017 Sassuolo-Bologna;A;W;3;0 a 1;1;0;41,70%;11;1;9,09%;263;359;73,26%;42600000;65,14285714;5;0;15;20;16;34;47,06%;36%;8;10;80,00%
SACo29;19/03/2017 Bologna-Chievo;H;W;3;4 a 1;4;1;46,40%;18;5;27,78%;312;389;80,21%;33500000;61,64285714;2;0;19;16;14;18;77,78%;43%;8;12;66,67%
SACo30;02/04/2017 Fiorentina-Bologna;A;L;0;1 a 0;0;1;39,20%;5;1;20,00%;315;387;81,40%;47100000;93,71428571;2;0;13;12;26;40;65,00%;52%;9;12;75,00%
SACo31;09/04/2017 Bologna-Roma;H;L;0;0 a 3;0;3;41,20%;13;4;30,77%;351;411;85,40%;36400000;80,5;3;0;14;9;15;21;71,43%;44%;12;14;85,71%
SACo32;15/04/2017 Palermo-Bologna;A;D;1;0 a 0;0;0;40,00%;9;4;44,44%;281;356;78,93%;31400000;79,78571429;2;1;10;14;21;27;77,78%;58%;10;12;83,33%
SACo33;22/04/2017 Atalanta-Bologna;A;L;0;3 a 2;2;3;50,00%;12;6;50,00%;354;434;81,57%;37500000;69,64285714;3;0;19;17;19;30;63,33%;47%;2;8;25,00%
SACo34;30/04/2017 Bologna-Udinese;H;W;3;4 a 0;4;0;45,50%;11;6;54,55%;283;359;78,83%;45600000;83,71428571;1;0;13;13;18;25;72,00%;38%;6;10;60,00%
SACo35;07/05/2017 Empoli-Bologna;A;L;0;3 a 1;1;3;56,40%;6;3;50,00%;401;514;78,02%;41000000;77,35714286;2;0;18;20;17;25;68,00%;66%;9;11;81,82%
SACo36;14/05/2017 Bologna-Pescara;H;W;3;3 a 1;3;1;55,30%;14;7;50,00%;415;495;83,84%;42200000;59,64285714;2;0;9;13;20;26;76,92%;79%;12;19;63,16%
SACo37;21/05/2017 Milan-Bologna;A;L;0;3 a 0;0;3;47,60%;7;0;0,00%;312;400;78,00%;44300000;79,78571429;2;0;8;9;17;22;77,27%;38%;3;7;42,86%
SACo38;27/05/2017 Bologna-Juventus;H;L;0;1 a 2;1;2;37,20%;9;2;22,22%;275;352;78,13%;41200000;61,07142857;3;0;17;8;19;32;59,38%;47%;5;5;100,00%
